Job ID,Job URL,Job Title,Company Name,Status,Timestamp,WP ID
a3f2226c3097cfca,https://vu.linkedin.com/jobs/view/backoffice-officer-at-cfi-financial-group-4425585044,Backoffice Officer,CFI Financial Group,posted,2026-07-07T02:25:18.112449,21
415845376618a979,https://vu.linkedin.com/jobs/view/international-liaison-conventions-officer-re-advertised-at-dt-global-4435424768,International Liaison Conventions Officer (re-advertised),,scraped,2026-07-07T02:25:20.676209,
ae262369cf4646fe,https://vu.linkedin.com/jobs/view/vanuatu-learning-centre-coordinator-luganville-at-a-igreja-de-jesus-cristo-dos-santos-dos-%C3%BAltimos-dias-4436276774,Vanuatu: Learning Centre Coordinator (Luganville),,scraped,2026-07-07T02:26:08.482317,
7397d6de11b328f3,https://vu.linkedin.com/jobs/view/customer-support-executive-at-exness-4436180036,Customer Support Executive,,scraped,2026-07-07T02:26:15.037511,
415bbf7de20421f6,https://vu.linkedin.com/jobs/view/p-c-support-officer-at-world-vision-4436448899,P&C Support Officer,,scraped,2026-07-07T02:26:22.066570,
79a11a5176f4ec36,https://vu.linkedin.com/jobs/view/vanuatu-learning-centre-coordinator-luganville-at-the-church-of-jesus-christ-of-latter-day-saints-4436811491,Vanuatu: Learning Centre Coordinator (Luganville),The Church of Jesus Christ of Latter-day Saints,posted,2026-07-07T20:32:20.332668,23
f91a243cb014d5f4,https://vu.linkedin.com/jobs/view/marketing-manager-at-digicel-vanuatu-4436867053,Marketing Manager,,scraped,2026-07-08T06:45:23.613026,
d03eab843a7b6beb,https://vu.linkedin.com/jobs/view/communications-advocacy-manager-at-world-vision-4439021080,Communications Advocacy Manager,,scraped,2026-07-10T11:22:52.575802,
cdf60d000ae42f74,https://vu.linkedin.com/jobs/view/bookkeeping-and-administrative-officer-national-at-nicholas-o-dwyer-ltd-4432685051,Bookkeeping and Administrative Officer (National),,scraped,2026-07-20T13:30:12.362728,
63d0fc8d8dd31bff,https://vu.linkedin.com/jobs/view/ev-financing-expert-consultant-vanuatu-at-global-green-growth-institute-4432223866,"EV FINANCING EXPERT CONSULTANT, VANUATU",,scraped,2026-07-20T13:30:20.257408,
1c92ec3f41bc9ca6,https://vu.linkedin.com/jobs/view/gestionnaire-comptable-f-h-ambassade-de-france-au-vanuatu-secr%C3%A9tariat-g%C3%A9n%C3%A9ral-d-ambassade-%C3%A0-port-vila-at-minist%C3%A8re-des-affaires-%C3%A9trang%C3%A8res-fran%C3%A7ais-4442709361,Gestionnaire comptable (F/H) - Ambassade de France au Vanuatu - Secrétariat général d'ambassade à Port-Vila,Ministère de l'Europe et des Affaires étrangères,posted,2026-07-20T13:30:52.895889,35
894836a810bf9433,https://vu.linkedin.com/jobs/view/senior-ip-cyber-security-specialist-at-vodafone-vanuatu-4440286600,Senior IP & Cyber Security Specialist,Vodafone Vanuatu,posted,2026-07-20T13:31:09.458116,37
c4419a7179f18b82,https://vu.linkedin.com/jobs/view/deputy-team-leader-national-at-nicholas-o-dwyer-ltd-4432664854,Deputy Team Leader (National),,scraped,2026-07-20T13:31:11.878490,
c2879465d786dbf3,https://vu.linkedin.com/jobs/view/painter-decorator-at-the-construction-index-ltd-4440851336,Painter & Decorator,,scraped,2026-07-20T13:31:19.681869,
a2197094b87fd48b,https://vu.linkedin.com/jobs/view/global-green-growth-institute-internship-program-mel-vanuatu-at-global-green-growth-institute-4440384696,"GLOBAL GREEN GROWTH INSTITUTE INTERNSHIP PROGRAM (MEL), VANUATU",,scraped,2026-07-20T13:31:27.062457,
e55b78b22aee9fdb,https://vu.linkedin.com/jobs/view/resident-team-leader-and-contract-manager-at-nicholas-o-dwyer-ltd-4432672731,Resident Team Leader and Contract Manager,,scraped,2026-07-20T13:31:33.695158,
381ff0dded3dbcf0,https://vu.linkedin.com/jobs/view/construction-supervisor-national-at-nicholas-o-dwyer-ltd-4432667848,Construction Supervisor (National),,scraped,2026-07-20T13:31:42.596908,
028ad99eca29f92c,https://vu.linkedin.com/jobs/view/resident-engineer-construction-supervisor-%E2%80%93-works-at-nicholas-o-dwyer-ltd-4432662903,Resident Engineer/ Construction Supervisor – Works,,scraped,2026-07-20T13:31:50.255525,
3ece15a0ec46b008,https://vu.linkedin.com/jobs/view/un-women-individual-contract-%E2%80%93-national-consultant-gender-responsive-safety-and-access-audit-port-vila-reconstruction-port-vila-vanuatu-re-advertisement-at-un-women-4443115087,"UN Women: Individual Contract – National Consultant - Gender-Responsive Safety and Access Audit, Port Vila Reconstruction (Port Vila, Vanuatu) (Re-Advertisement)",UN Women,posted,2026-07-27T16:01:59.449953,39
a2f07b8c5a121272,https://vu.linkedin.com/jobs/view/labourer-at-the-construction-index-ltd-4443788497,Labourer,,scraped,2026-07-27T16:02:01.902426,
39c80f4390555ef0,https://vu.linkedin.com/jobs/view/vanuatu-infield-mentor-12-month-fixed-term-at-the-church-of-jesus-christ-of-latter-day-saints-4425254326,Vanuatu: Infield Mentor (12-month Fixed-Term),The Church of Jesus Christ of Latter-day Saints,posted,2026-07-27T16:02:17.511212,41
ec10538730e2c535,https://vu.linkedin.com/jobs/view/vanuatu-infield-mentor-12-month-fixed-term-at-a-igreja-de-jesus-cristo-dos-santos-dos-%C3%BAltimos-dias-4444076789,Vanuatu: Infield Mentor (12-month Fixed-Term),,scraped,2026-07-27T16:02:19.951711,
0b21fbedefda9f89,https://vu.linkedin.com/jobs/view/hr-capacity-assessment-consultant-at-tetra-tech-4442928349,HR Capacity Assessment Consultant,Tetra Tech,posted,2026-07-27T16:02:32.770372,43
c1aef611ccf7bcf1,https://vu.linkedin.com/jobs/view/chief-financial-officer-at-osborne-richardson-australia-4448115894,Chief Financial Officer,,scraped,2026-08-03T16:08:17.628828,
4e7457e3e8984700,https://vu.linkedin.com/jobs/view/mental-health-psychosocial-support-child-protection-associate-at-united-nations-volunteers-asia-the-pacific-4446990813,Mental Health & Psychosocial Support & Child Protection Associate,United Nations Volunteers - Asia & the Pacific,posted,2026-08-03T16:08:33.488422,45
e9d4a0d98d26a683,https://vu.linkedin.com/jobs/view/national-consultant-reproductive-maternal-newborn-child-and-adolescent-health-coordinator-vanuatu-at-united-nations-population-fund-unfpa-4446963596,"National Consultant: Reproductive, Maternal, Newborn, Child and Adolescent Health Coordinator Vanuatu",United Nations Population Fund (UNFPA),posted,2026-08-03T16:08:42.036897,47
2099f31bedfd3045,https://vu.linkedin.com/jobs/view/program-quality-risk-strategy-director-at-world-vision-4447900159,"Program Quality, Risk Strategy Director",,scraped,2026-08-03T16:08:44.423013,
bc4a35597407b806,https://vu.linkedin.com/jobs/view/ssa-%E2%80%93-climate-change-and-health-project-officer-hnap-implementation-at-world-health-organization-4451357919,SSA – Climate Change and Health Project Officer (HNAP Implementation),,scraped,2026-08-10T10:47:16.937964,
b950dd81fdb5b5c8,https://vu.linkedin.com/jobs/view/multi-project-finance-and-corporate-services-individual-consultant-at-global-green-growth-institute-4451377702,MULTI-PROJECT FINANCE AND CORPORATE SERVICES INDIVIDUAL CONSULTANT,,scraped,2026-08-10T10:47:24.107292,
4cb07775447dd0a9,https://vu.linkedin.com/jobs/view/school-office-assistant-at-independent-schools-%E2%80%8B-bursars-association-4448499734,School Office Assistant,,scraped,2026-08-10T10:47:33.284733,
ca7dc13f87b7d199,https://vu.linkedin.com/jobs/view/police-project-coordinator-vapjp-re-advertised-at-palladium-make-it-possible-4450218776,Police Project Coordinator- VAPJP [Re-advertised],Palladium: Make It Possible,posted,2026-08-10T10:47:50.893711,49
00f170676ace1bc5,https://vu.linkedin.com/jobs/view/catering-assistant-40-hours-per-week-at-independent-schools-%E2%80%8B-bursars-association-4451038008,Catering Assistant (40 hours per week),,scraped,2026-08-10T10:47:53.325038,
7411a0bd70808a9b,https://vu.linkedin.com/jobs/view/gender-based-violence-in-emergencies-gbvie-consultant-type-b-at-iom-un-migration-4450028456,Gender-Based Violence in Emergencies (GBViE) Consultant (Type B),IOM - UN Migration,posted,2026-08-10T10:48:12.549202,51
51f900c726df7bc0,https://vu.linkedin.com/jobs/view/gender-climate-infrastructure-consultant-type-b-at-iom-un-migration-4450030388,Gender Climate Infrastructure Consultant (Type B),IOM - UN Migration,posted,2026-08-10T10:48:26.879989,53
c49d4a0c33579486,https://vu.linkedin.com/jobs/view/global-green-growth-institute-internship-program-maritime-data-vanuatu-at-global-green-growth-institute-4451390298,"Global Green Growth Institute Internship Program, Maritime Data - Vanuatu",,scraped,2026-08-10T10:48:29.449563,
54254ab8eb341cc9,https://vu.linkedin.com/jobs/view/dhc-6-twin-otter-captain-at-air-vanuatu-4451470943,DHC-6 Twin Otter Captain,Air Vanuatu,posted,2026-08-17T07:40:39.153171,55
c1a2b9235e628f46,https://vu.linkedin.com/jobs/view/workshop-technician-scenic-fabrication-the-royal-central-school-of-speech-and-drama-at-guardian-jobs-4451623585,"Workshop Technician (Scenic Fabrication), THE ROYAL CENTRAL SCHOOL OF SPEECH AND DRAMA",,scraped,2026-08-17T07:40:41.622209,
bea9767fe2a343f7,https://vu.linkedin.com/jobs/view/dame-s-assistant-live-in-at-independent-schools-%E2%80%8B-bursars-association-4453905152,Dame's Assistant Live-in,,scraped,2026-08-17T07:40:48.549156,
1182182eaa28093d,https://vu.linkedin.com/jobs/view/sexual-and-gender-based-violence-sgbv-investigations-and-police-prosecutions-adviser-at-palladium-make-it-possible-4453064215,Sexual and Gender-Based Violence (SGBV) Investigations and Police Prosecutions Adviser,Palladium: Make It Possible,posted,2026-08-17T07:41:02.750377,57
5200d2e4a7fbc7f6,https://vu.linkedin.com/jobs/view/sous-chef-at-independent-schools-%E2%80%8B-bursars-association-4453904164,Sous Chef,,scraped,2026-08-17T07:41:05.237145,
a054377d70c1ceb4,https://vu.linkedin.com/jobs/view/vanuatu-in-field-mentor-at-a-igreja-de-jesus-cristo-dos-santos-dos-%C3%BAltimos-dias-4453138532,Vanuatu: In-Field Mentor,,scraped,2026-08-17T07:41:11.994881,
120064ffa6466278,https://vu.linkedin.com/jobs/view/freelance-at-firstsource-4452378834,Freelance,,scraped,2026-08-17T07:41:18.749583,
280901b46eede3f6,https://vu.linkedin.com/jobs/view/r-d-workshop-manager-at-hyditex-corporation-4454116084,R&D Workshop Manager,,scraped,2026-08-24T07:45:39.835859,
3014e39d33fe3a51,https://vu.linkedin.com/jobs/view/equipment-host-minder-at-jdf-solutions-4456308484,Equipment Host Minder,,scraped,2026-08-24T07:45:46.017294,
fc357e4e36e2690d,https://vu.linkedin.com/jobs/view/inclusion-and-safeguarding-adviser-at-dt-global-4455478933,Inclusion and Safeguarding Adviser,DT Global,posted,2026-08-24T07:46:00.494445,59
551428957ab97079,https://vu.linkedin.com/jobs/view/programme-specialist-reproductive-health-commodity-security-rhcs-psro-port-vila-vanuatu-p-3-at-united-nations-population-fund-unfpa-4454499466,"Programme Specialist, Reproductive Health Commodity Security (RHCS), PSRO, Port Vila, Vanuatu, P-3",United Nations Population Fund (UNFPA),posted,2026-08-24T07:46:10.681132,61
afe0d78e112f5cd7,https://vu.linkedin.com/jobs/view/ports-and-shipping-specialist-at-ntu-international-a-s-4455580876,Ports and Shipping Specialist,,scraped,2026-08-24T07:46:13.040565,
31ce324036cf3809,https://vu.linkedin.com/jobs/view/railways-specialist-at-ntu-international-a-s-4457083907,Railways Specialist,,scraped,2026-08-24T07:46:20.063353,
ca1e0e761eef9d94,https://vu.linkedin.com/jobs/view/sexual-and-gender-based-violence-sgbv-investigations-and-police-prosecutions-adviser-at-palladium-make-it-possible-4458792674,Sexual and Gender-Based Violence (SGBV) Investigations and Police Prosecutions Adviser,Palladium: Make It Possible,posted,2026-08-31T14:29:31.442309,63
1168eefe1827f351,https://vu.linkedin.com/jobs/view/gestionnaire-comptable-f-h-ambassade-de-france-au-vanuatu-secr%C3%A9tariat-g%C3%A9n%C3%A9ral-d-ambassade-%C3%A0-port-vila-at-minist%C3%A8re-des-affaires-%C3%A9trang%C3%A8res-fran%C3%A7ais-4458742683,Gestionnaire comptable (F/H) - Ambassade de France au Vanuatu - Secrétariat général d'ambassade à Port-Vila,Ministère de l'Europe et des Affaires étrangères,posted,2026-08-31T14:29:44.882563,65
a83574d64fb235af,https://vu.linkedin.com/jobs/view/aviation-specialist-at-ntu-international-a-s-4458759989,Aviation Specialist,,scraped,2026-08-31T14:29:49.380930,
bdbb2bbb30e1030d,https://vu.linkedin.com/jobs/view/transport-experts-at-ntu-international-a-s-4461057992,Transport Experts,,scraped,2026-08-31T14:29:56.358643,
0b75eef11c9a98e5,https://vu.linkedin.com/jobs/view/structural-engineer-at-nicholas-o-dwyer-ltd-4432683224,Structural Engineer,,scraped,2026-08-31T14:30:05.295735,
